<?xml version="1.0" encoding="UTF-8"?>
<project-private xmlns="http://www.netbeans.org/ns/project-private/1">
    <editor-bookmarks xmlns="http://www.netbeans.org/ns/editor-bookmarks/2" lastBookmarkId="0"/>
    <open-files xmlns="http://www.netbeans.org/ns/projectui-open-files/2">
        <group>
            <file>file:/C:/Users/Yoonsuk%20Cho/Downloads/JavaWebTech/A3/KKYCClub/src/java/club/cart/KKYCClearCartServlet.java</file>
            <file>file:/C:/Users/Yoonsuk%20Cho/Downloads/JavaWebTech/A3/KKYCClub/src/java/club/business/ELoan.java</file>
            <file>file:/C:/Users/Yoonsuk%20Cho/Downloads/JavaWebTech/A3/KKYCClub/src/java/club/cart/KKYCLoanServlet.java</file>
            <file>file:/C:/Users/Yoonsuk%20Cho/Downloads/JavaWebTech/A3/KKYCClub/web/WEB-INF/web.xml</file>
            <file>file:/C:/Users/Yoonsuk%20Cho/Downloads/JavaWebTech/A3/KKYCClub/src/java/club/cart/KKYCCartServlet.java</file>
            <file>file:/C:/Users/Yoonsuk%20Cho/Downloads/JavaWebTech/A3/KKYCClub/web/KKYCECart.jsp</file>
        </group>
    </open-files>
</project-private>
