<?xml version="1.0" encoding="UTF-8"?>
<project-private xmlns="http://www.netbeans.org/ns/project-private/1">
    <editor-bookmarks xmlns="http://www.netbeans.org/ns/editor-bookmarks/2" lastBookmarkId="0"/>
    <open-files xmlns="http://www.netbeans.org/ns/projectui-open-files/2">
        <group>
            <file>file:/C:/JavaWebTech/A2/KKYCClub/web/KKYCAddBook.jsp</file>
            <file>file:/C:/JavaWebTech/A2/KKYCClub/src/java/club/admin/KKYCAddBookServlet.java</file>
            <file>file:/C:/JavaWebTech/A2/KKYCClub/src/java/club/admin/KKYCDisplayBooksServlet.java</file>
        </group>
    </open-files>
</project-private>
